{
  "bench_reads": "1000000",
  "commit": "3031d5d17057541ede937f0ec0ca810c1a146798",
  "ref": "5.0.0",
  "scenarios": {
    "aln-fetch": {
      "peak_rss_bytes": 12124160,
      "wall_mean_s": 1.11276658588,
      "wall_stddev_s": 0.003767073550685083
    },
    "aln-paired": {
      "peak_rss_bytes": 9797632,
      "wall_mean_s": 0.31002749754000003,
      "wall_stddev_s": 0.005206021892146272
    },
    "aln-stream": {
      "peak_rss_bytes": 7192576,
      "wall_mean_s": 0.33698788158,
      "wall_stddev_s": 0.0026447172716985265
    },
    "reads-coverage": {
      "peak_rss_bytes": 13074432,
      "wall_mean_s": 0.16123834278000002,
      "wall_stddev_s": 0.002301069425936937
    },
    "reads-frac": {
      "peak_rss_bytes": 7880704,
      "wall_mean_s": 0.14482669842,
      "wall_stddev_s": 0.0031613495743621615
    },
    "reads-num": {
      "peak_rss_bytes": 9043968,
      "wall_mean_s": 0.14479008182000003,
      "wall_stddev_s": 0.0027578916161974643
    },
    "reads-num-sparse": {
      "peak_rss_bytes": 14237696,
      "wall_mean_s": 1.2290750233800003,
      "wall_stddev_s": 0.005932661037527749
    },
    "reads-paired": {
      "peak_rss_bytes": 4816896,
      "wall_mean_s": 0.06654411666,
      "wall_stddev_s": 0.0004903496396722113
    }
  }
}
